trial,CV_AUC,max_depth,num_leaves,lr,subsample,colsample,bagging_freq,L2,L1,min_child,min_gain,max_bin,max_delta,min_hessian,boost_avg,extra_trees,time_s
0,0.9121,5,61,0.065,0.7796,0.6468,2,1.6326,4.3309,32,1.4161,66,4.8495,2.1368,True,True,15.2
1,0.9196,6,36,0.032,0.7836,0.6418,3,7.6441,2.2803,41,0.3993,162,2.9621,0.0015,True,True,28.2
2,0.91,8,54,0.0327,0.6293,0.8053,5,2.8797,2.4759,6,1.8186,112,3.3126,0.0177,False,True,19.5
3,0.9235,7,61,0.0844,0.7794,0.8766,1,4.3217,0.2261,19,0.7774,115,4.1437,0.0267,False,True,15.7
4,0.9154,4,63,0.0693,0.6596,0.6017,9,14.2837,3.645,40,0.1481,132,0.5793,2.8341,True,True,17.7
5,0.9104,5,50,0.0558,0.8662,0.7417,2,14.4083,3.8039,30,1.5419,158,2.6137,0.0513,False,True,22.3
6,0.9237,5,39,0.0862,0.6748,0.7231,8,4.9616,0.3849,18,0.3224,242,4.0406,0.3417,True,True,16.8
7,0.9212,6,54,0.0846,0.6954,0.633,3,8.8286,4.0901,44,0.0139,161,2.0871,0.0077,False,False,38.3
8,0.9266,6,49,0.0359,0.8915,0.8887,3,10.1963,1.5044,18,0.0738,180,2.5134,0.0016,False,False,147.0
9,0.9134,6,63,0.0295,0.8016,0.8285,3,14.7002,1.8389,34,1.2671,166,0.4514,2.1939,True,True,33.3
10,0.9211,8,15,0.0202,0.8806,0.893,6,19.2155,1.4453,7,0.9279,253,1.7805,0.0014,False,False,153.5
11,0.9209,4,38,0.0455,0.7128,0.7197,10,8.3307,0.2891,19,0.4375,241,3.8716,0.1632,True,False,66.6
12,0.9231,5,39,0.0445,0.837,0.7272,7,5.8185,1.0682,21,0.4382,213,1.4469,0.1937,False,False,57.6
13,0.9207,7,31,0.0203,0.6033,0.792,8,11.3055,0.8505,13,0.7093,203,4.86,8.2906,True,False,86.5
14,0.9228,5,46,0.0408,0.7212,0.8468,5,11.241,2.6964,25,0.1642,208,3.9824,0.4451,False,False,92.8
15,0.9235,7,26,0.0964,0.7356,0.7642,5,0.9061,0.7766,13,0.3219,228,2.3446,0.0048,True,False,54.3
16,0.9241,6,44,0.0253,0.8317,0.6903,10,5.5695,0.0581,50,0.6725,195,1.2429,0.0908,False,False,79.2
17,0.9202,6,45,0.025,0.8429,0.6834,10,11.0698,3.1083,50,0.9557,189,1.3663,0.0045,False,False,49.5
18,0.9207,7,45,0.0266,0.8988,0.7796,7,6.9476,4.9971,49,0.6046,182,0.8841,0.0524,False,False,56.4
19,0.8818,6,54,0.0366,0.8254,0.6829,4,9.7873,1.8084,27,1.1248,131,0.11,0.0121,False,False,46.5
20,0.9215,7,27,0.024,0.8566,0.8573,1,16.7399,0.0024,36,1.9239,181,1.2133,0.7062,False,False,55.6
21,0.925,5,41,0.0501,0.897,0.6895,9,4.8343,0.3976,13,0.1937,229,3.3618,0.1564,True,True,27.4
22,0.9265,6,50,0.0519,0.8994,0.6954,9,2.9006,1.2583,10,0.0719,226,3.2783,0.0724,False,False,103.7
23,0.9248,4,50,0.0521,0.8991,0.6687,9,3.3026,1.3041,12,0.0324,221,3.1085,0.8487,True,True,31.7
24,0.9257,5,49,0.0554,0.8767,0.7532,8,2.6346,1.701,10,0.2112,228,3.5075,0.0027,False,False,77.7
25,0.927,6,50,0.0591,0.8712,0.8212,7,2.5961,1.8877,10,0.0145,251,2.7569,0.0027,False,False,127.3
26,0.9258,6,58,0.0678,0.8093,0.8162,7,0.5972,2.1034,16,0.0027,252,2.7298,0.0027,False,False,111.6
27,0.9231,6,56,0.0381,0.8553,0.899,6,12.698,2.9982,5,0.5329,240,1.9593,0.0085,False,False,80.9
28,0.9252,7,49,0.061,0.876,0.8628,6,6.8366,1.4481,22,0.2562,213,2.6311,0.0012,False,False,67.8
29,0.9271,6,58,0.0746,0.8522,0.8226,4,2.0324,0.8147,10,0.0975,75,4.555,0.0026,False,False,47.9
30,0.9262,8,58,0.0699,0.7563,0.8304,4,1.953,0.7832,16,0.4822,77,4.6995,0.0021,False,False,26.9
31,0.9264,6,52,0.0749,0.849,0.8792,2,3.7638,1.0827,9,0.1082,66,4.4888,0.0035,False,False,44.3
32,0.9254,6,58,0.0611,0.8798,0.7744,4,1.823,1.9421,9,0.3101,85,2.2784,0.0011,False,False,35.1
33,0.9245,6,47,0.0785,0.8122,0.8,2,1.832,2.4,15,0.1254,145,3.7082,0.0235,False,False,45.8
34,0.9277,7,42,0.0469,0.8641,0.8212,5,3.4096,1.5783,8,0.0115,94,2.9859,0.0061,False,False,79.6
35,0.9251,7,34,0.0333,0.7876,0.8382,3,6.2835,1.6034,7,0.3378,93,2.9429,0.0063,False,False,69.6
36,0.9266,7,61,0.0453,0.8632,0.8141,4,4.1465,2.2053,5,0.2539,100,4.3355,0.0129,False,False,53.0
37,0.9243,8,43,0.0592,0.825,0.8702,5,16.8726,2.7518,23,0.1186,109,2.8205,0.0024,False,False,61.9
38,0.9218,5,53,0.0405,0.8671,0.8441,3,7.6397,0.618,18,1.6739,71,1.7267,0.0018,False,False,27.0
39,0.9271,7,42,0.035,0.7647,0.815,6,9.7477,1.13,11,0.0096,134,2.4106,0.0174,False,True,38.0
40,0.9291,8,35,0.0989,0.7638,0.7919,6,0.5019,1.07,11,0.0015,131,3.6289,0.0205,False,True,19.8
41,0.9264,8,35,0.095,0.749,0.7918,6,0.6512,1.054,11,0.0034,117,3.067,0.0312,False,True,17.6
42,0.9262,8,42,0.0908,0.7637,0.8155,7,2.2492,0.5962,8,0.1971,130,4.2486,0.017,False,True,18.0
43,0.9249,8,32,0.0723,0.7773,0.8249,6,3.4935,1.1339,15,0.3518,148,3.6528,0.009,False,True,18.7
44,0.9216,7,38,0.0799,0.6552,0.7979,5,4.6522,1.921,7,0.1394,88,2.3306,0.0356,False,True,16.0
45,0.9264,7,40,0.0656,0.7888,0.7751,6,1.2549,0.8889,11,0.0116,104,4.5317,0.0051,False,True,19.7
46,0.9256,7,36,0.0306,0.6925,0.8088,7,2.861,0.5325,14,0.2404,169,3.192,0.0165,False,True,29.3
47,0.9227,8,22,0.0879,0.8007,0.851,8,1.343,1.4497,5,0.3983,123,3.7562,0.0035,False,True,14.1
48,0.9238,7,31,0.0805,0.773,0.7834,5,5.1909,1.6729,11,0.0819,144,3.5039,0.0111,False,True,17.3
49,0.922,8,37,0.0472,0.7353,0.7633,4,13.1919,1.2143,20,0.2797,78,2.8817,0.0076,True,True,22.6
50,0.9206,7,47,0.0554,0.7083,0.8357,6,9.2848,2.0803,17,0.1118,153,2.4624,0.0219,False,True,19.7
51,0.9253,6,56,0.0348,0.8862,0.8826,5,4.1882,1.3365,8,0.1671,96,2.0198,0.0017,False,False,75.4
52,0.9251,6,43,0.0419,0.8429,0.8221,4,10.4535,0.9538,12,0.0653,171,2.651,0.0038,False,True,33.5
53,0.9259,6,52,0.0363,0.8681,0.7383,3,11.9136,1.5724,14,0.0041,119,2.5084,0.0016,False,False,122.7
54,0.9241,5,60,0.0274,0.8202,0.8057,7,8.915,0.2175,28,0.188,109,2.1914,0.0056,False,False,92.1
55,0.9242,6,47,0.0993,0.8871,0.7853,5,10.2392,2.3278,8,0.4024,138,4.0433,0.0353,True,False,30.3
56,0.9239,7,28,0.029,0.8573,0.8619,6,8.2737,2.5677,19,0.0914,63,4.9818,0.001,False,True,36.7
57,0.9247,6,41,0.0431,0.7376,0.6094,4,2.4922,0.7488,10,0.2281,195,1.6333,0.0067,False,False,76.6
58,0.9242,5,45,0.0395,0.8423,0.8497,3,15.3598,1.7982,13,0.0609,161,3.3856,0.003,False,False,122.6
59,0.9225,4,56,0.0488,0.8338,0.7609,1,5.819,1.4537,6,0.1596,177,2.9872,0.0449,True,True,28.1
60,0.9245,8,33,0.0327,0.7961,0.8366,5,19.5167,0.98,17,0.3631,125,2.5009,0.002,False,False,84.6
61,0.9262,7,61,0.0443,0.8653,0.8109,4,4.1393,2.0661,6,0.2652,101,4.2808,0.0124,False,False,53.7
62,0.9271,7,61,0.0475,0.8877,0.8218,4,3.2227,2.2371,9,0.0712,82,4.5716,0.0113,False,False,64.5
63,0.9263,7,63,0.0593,0.8906,0.8236,3,3.0405,1.2718,9,0.0583,79,4.8412,0.0041,False,False,59.6
64,0.9255,6,51,0.022,0.8745,0.7933,7,0.9762,1.597,12,0.166,89,4.6509,0.0218,False,False,85.9
65,0.9271,7,54,0.0521,0.8885,0.8915,6,2.4274,1.8398,24,0.0016,70,3.8389,0.098,False,False,61.0
66,0.9258,7,55,0.0506,0.8846,0.8036,6,1.6573,2.8716,45,0.0104,71,3.9131,0.101,False,False,48.0
67,0.9218,7,59,0.0527,0.8528,0.8307,5,3.4288,2.5377,32,1.356,82,4.0671,0.3482,False,False,21.0
68,0.9206,7,57,0.0642,0.62,0.8715,7,2.2707,3.2046,34,0.0836,72,3.5603,0.2112,False,False,29.5
69,0.9243,7,62,0.0472,0.8726,0.8578,6,0.6859,2.197,37,0.4794,91,4.1713,0.0666,False,False,35.8
70,0.9154,8,54,0.0741,0.8134,0.8908,5,5.1581,4.9281,24,0.3,68,3.771,9.3105,False,True,16.8
71,0.926,6,49,0.0556,0.8974,0.8905,4,1.4455,1.8314,21,0.1123,74,2.7594,3.1985,False,False,50.6
72,0.926,6,51,0.0354,0.8906,0.8439,5,3.8846,1.3806,25,0.0575,82,4.4722,0.0095,False,False,79.6
73,0.9256,7,48,0.0379,0.8791,0.8715,6,2.517,1.9858,10,0.2054,63,3.2551,0.0013,False,False,52.4
74,0.9254,6,54,0.0475,0.8635,0.8834,6,3.275,1.7992,14,0.1482,235,2.1479,0.003,False,False,105.2
75,0.9275,7,59,0.0582,0.8491,0.819,8,7.5292,1.1915,7,0.0074,97,1.8935,0.005,False,False,98.2
76,0.9274,7,59,0.0576,0.8467,0.7886,8,6.8583,1.1578,7,0.0394,94,4.7482,0.0152,False,False,74.5
77,0.9264,7,60,0.0541,0.8496,0.7468,8,7.7446,1.183,7,0.0513,96,4.7533,0.0147,True,False,71.4
78,0.9274,7,59,0.0577,0.8596,0.7709,9,6.6894,0.7092,5,0.1319,106,4.4035,0.0191,False,False,70.6
79,0.9239,7,19,0.0645,0.8303,0.7936,9,6.8166,0.7317,5,0.2404,112,4.6015,0.029,False,False,58.1
80,0.9275,8,63,0.0693,0.8369,0.7734,9,7.3495,0.5178,8,0.1088,104,4.4102,0.0197,False,True,20.2
81,0.9255,8,63,0.0685,0.8436,0.7685,9,7.4143,0.416,8,0.1508,105,4.3747,0.0204,False,True,20.0
82,0.9256,8,59,0.0617,0.7686,0.7858,10,8.4406,0.4803,9,0.1305,98,4.8867,0.0111,False,True,20.2
83,0.9267,8,62,0.0835,0.8578,0.776,9,6.0748,0.226,6,0.1973,137,4.3722,0.008,False,True,19.2
84,0.9263,7,59,0.0717,0.837,0.8172,8,6.5318,0.6532,7,0.0863,113,1.8593,0.0454,False,True,19.9
85,0.9277,8,57,0.0628,0.8224,0.8062,8,7.2725,0.8585,11,0.0473,86,4.7428,0.0165,False,True,25.0
86,0.9265,8,61,0.0585,0.826,0.8032,8,7.2732,1.0411,11,0.048,106,4.8028,0.0141,False,True,22.4
87,0.9223,8,29,0.0577,0.7496,0.7554,9,9.2701,0.8666,8,0.295,85,4.9688,0.0178,False,True,17.4
88,0.9253,8,62,0.0571,0.8194,0.7301,8,7.9881,1.1321,12,0.127,121,4.1598,0.0261,False,True,20.9
89,0.9258,7,57,0.0626,0.7834,0.7897,10,6.3878,0.3391,5,0.2126,126,4.6877,0.0099,False,True,20.6
90,0.9205,8,60,0.0661,0.8041,0.7727,8,5.461,0.6322,9,0.988,93,1.0174,0.0064,True,True,17.7
91,0.9278,7,57,0.0916,0.8478,0.7986,8,4.5297,0.8187,10,0.0478,86,4.5618,0.0188,False,True,19.7
92,0.9265,7,57,0.0907,0.8444,0.7981,9,4.7917,0.9218,11,0.0371,86,4.504,0.0154,False,True,18.6
93,0.9265,7,56,0.0774,0.8598,0.7799,8,7.2097,0.7218,6,0.105,102,1.5636,0.0332,False,True,18.9
94,0.9259,7,59,0.0933,0.8372,0.8172,9,8.6655,1.3178,13,0.0031,96,4.3789,0.0179,False,True,20.8
95,0.9257,7,61,0.054,0.7255,0.8101,8,9.5842,0.518,7,0.0617,110,4.7074,0.0257,False,True,23.7
96,0.9277,7,58,0.0973,0.8499,0.8293,10,5.6751,0.1031,9,0.1614,137,4.5873,0.0406,False,True,18.3
97,0.9268,8,55,0.0998,0.8521,0.799,10,5.8465,0.1019,10,0.1682,92,4.4666,0.0656,False,True,16.9
98,0.9266,7,58,0.0867,0.8685,0.8335,9,4.4574,0.1032,8,0.2457,115,0.5265,0.0445,False,True,19.4
99,0.9263,7,60,0.0957,0.8186,0.7681,10,6.6677,0.3314,9,0.191,79,4.5978,0.0051,False,True,15.2
100,0.9266,8,62,0.0818,0.8286,0.8271,9,5.4188,0.9654,6,0.1052,82,4.1898,0.0374,False,True,18.2
101,0.9268,7,39,0.0603,0.7614,0.8408,8,7.0133,0.856,12,0.0452,88,4.8378,0.02,False,True,22.1
102,0.9249,7,58,0.0916,0.847,0.806,7,7.9353,1.0926,15,0.1307,140,4.3271,0.0127,False,True,19.1
103,0.9257,7,63,0.0695,0.8597,0.7868,10,4.937,1.2416,11,0.0363,132,3.9939,0.0105,False,True,20.3
104,0.9268,7,24,0.0888,0.8407,0.8199,7,6.2511,0.554,7,0.0031,155,4.6387,0.0074,False,True,21.4
105,0.9164,7,57,0.0852,0.8812,0.7809,9,3.7945,0.4397,9,1.986,129,4.955,0.0242,False,True,15.5
106,0.9258,7,37,0.0946,0.8338,0.7571,8,7.5924,1.5349,10,0.089,99,4.7632,0.0304,False,False,44.4
107,0.9251,7,55,0.0494,0.8546,0.8113,9,5.8056,1.0098,13,0.172,151,4.4648,0.015,False,True,23.9
108,0.926,7,61,0.0566,0.8736,0.7961,8,8.2797,0.6894,8,0.2766,136,4.8976,0.0191,False,False,61.8
109,0.9235,8,53,0.0628,0.6546,0.8301,10,9.0264,0.8002,5,0.3311,119,3.1123,0.0084,True,True,18.3
110,0.9227,7,59,0.0664,0.8501,0.8062,7,4.4991,1.3565,12,1.6725,144,2.408,0.0061,False,False,23.0
111,0.9269,8,56,0.0718,0.8641,0.8218,4,2.0589,1.1267,9,0.0848,85,4.5758,0.0047,False,False,52.2
112,0.9288,7,58,0.0756,0.8363,0.8143,4,1.0865,0.8174,10,0.0415,76,4.2866,0.0576,False,False,54.5
113,0.9277,7,60,0.0342,0.792,0.8123,8,0.9037,0.8926,11,0.0398,107,4.2442,0.054,False,False,110.0
114,0.9297,7,58,0.0768,0.7907,0.8017,8,0.6649,0.8026,10,0.1352,106,4.2507,0.0594,False,False,51.2
115,0.9265,7,60,0.0776,0.7955,0.7927,8,1.1875,0.8019,14,0.1548,104,4.2617,0.0584,False,False,42.7
116,0.9231,7,58,0.0983,0.806,0.8012,8,0.5059,0.9006,10,0.2151,108,3.921,0.0936,False,False,33.8
117,0.9264,7,57,0.074,0.8124,0.8112,8,0.9898,0.204,7,0.0393,93,4.0581,0.0431,False,False,61.5
118,0.9274,7,59,0.0673,0.7901,0.7456,9,1.6858,0.5878,6,0.1165,99,4.1066,0.1195,False,False,54.8
119,0.9268,7,53,0.0706,0.8229,0.7872,8,6.9043,1.6976,11,0.0427,114,4.2184,0.0533,False,False,70.7
120,0.9252,8,62,0.0835,0.7786,0.7694,7,0.878,0.9988,8,0.1403,102,3.5847,0.04,False,False,40.7
121,0.9279,7,59,0.0638,0.7913,0.7451,9,1.6912,0.5579,6,0.1093,97,4.1032,0.1245,False,False,60.6
122,0.9274,7,58,0.0641,0.7997,0.7796,9,1.5698,0.6766,5,0.0813,95,4.3804,0.0591,False,False,64.9
123,0.9271,7,60,0.0602,0.7922,0.7367,8,1.2242,0.4641,8,0.1821,90,4.2717,0.03,False,False,48.1
124,0.9253,7,55,0.0762,0.7751,0.814,9,2.8438,0.7775,7,0.231,76,0.7303,0.1497,False,False,39.8
125,0.9245,7,57,0.0889,0.7837,0.8016,8,1.4855,1.2029,10,0.1241,107,0.1235,0.1246,False,False,110.5
126,0.9282,7,63,0.0796,0.8395,0.7922,10,0.5219,0.2643,12,0.0021,101,4.4154,0.1865,False,False,72.6
127,0.9268,7,63,0.0811,0.8377,0.7183,10,0.7059,0.2636,12,0.0196,98,3.9518,0.2007,False,False,57.0
128,0.9269,7,61,0.0783,0.8156,0.8268,10,2.0218,0.1229,13,0.0022,89,4.1282,0.2632,False,False,59.7
129,0.9286,7,62,0.0747,0.8294,0.7967,10,1.0435,0.3403,11,0.087,117,3.4072,0.0744,True,False,67.4
130,0.9276,8,62,0.0743,0.829,0.7943,10,1.0133,0.1797,16,0.0742,118,3.7993,0.0761,True,False,66.8
131,0.929,8,63,0.0724,0.8285,0.7944,10,0.9718,0.06,11,0.075,117,3.4312,0.081,True,False,73.2
132,0.9285,8,62,0.0731,0.8303,0.7113,10,1.0288,0.0499,10,0.0765,126,3.4256,0.0686,True,False,77.0
133,0.9296,8,63,0.0727,0.8308,0.7067,10,0.5485,0.0561,15,0.0821,125,3.3532,0.0775,True,False,65.1
134,0.9281,8,63,0.073,0.808,0.7011,10,1.807,0.0286,15,0.0744,126,3.3577,0.1527,True,False,71.3
135,0.9288,8,63,0.0733,0.8069,0.7069,10,1.8731,0.0298,14,0.16,123,3.4348,0.0787,True,False,54.4
136,0.93,8,63,0.0737,0.8051,0.704,10,0.5439,0.0285,15,0.0763,127,3.2713,0.0823,True,False,69.0
137,0.9286,8,63,0.0723,0.81,0.7081,10,0.5921,0.0661,16,0.0861,126,3.4192,0.0807,True,False,69.5
138,0.9283,8,63,0.0728,0.8073,0.7105,10,0.5036,0.0428,17,0.1958,127,3.42,0.0807,True,False,52.5
139,0.9276,8,63,0.0733,0.8106,0.7091,10,0.5526,0.003,16,0.2633,126,3.403,0.076,True,False,50.1
140,0.9279,8,62,0.0762,0.8075,0.7016,10,1.814,0.3228,17,0.1932,123,3.424,0.1203,True,False,45.9
141,0.9277,8,62,0.0756,0.8055,0.7004,10,1.8676,0.0304,17,0.1964,123,3.4741,0.1186,True,False,46.5
142,0.9272,8,63,0.08,0.8092,0.673,10,1.3048,0.3383,18,0.0962,128,3.2289,0.0831,True,False,50.2
143,0.9275,8,62,0.0714,0.8007,0.7047,10,1.5366,0.2665,19,0.2236,132,3.6444,0.1571,True,False,47.7
144,0.9275,8,63,0.0688,0.8189,0.684,10,2.1997,0.1303,15,0.1604,122,3.3236,0.1017,True,False,54.3
145,0.929,8,61,0.0769,0.8267,0.715,10,0.5001,0.0094,17,0.1298,116,3.1352,0.2336,True,False,56.7
146,0.9285,8,61,0.0729,0.8262,0.7138,10,0.5021,0.0,14,0.118,116,3.1517,0.2542,True,False,59.9
147,0.9297,8,61,0.0786,0.8256,0.7138,10,0.5277,0.0225,15,0.1403,116,3.1,0.2823,True,False,53.9
148,0.9267,8,61,0.0796,0.831,0.7175,10,0.5015,0.1794,14,0.1421,116,3.1679,0.4535,True,False,52.2
149,0.9258,8,61,0.0765,0.8155,0.7121,10,1.079,0.0812,18,0.2794,119,3.0091,0.0678,True,False,40.0
150,0.928,8,61,0.0822,0.8216,0.6882,10,0.5322,0.0023,20,0.2204,113,2.9032,0.2579,True,False,42.2
151,0.9296,8,63,0.073,0.8285,0.695,10,1.1535,0.0193,15,0.0816,129,3.3198,0.3485,True,False,72.6
152,0.9264,8,63,0.0701,0.8261,0.7327,10,1.1115,0.1731,16,0.0923,130,3.2843,0.5073,True,False,59.7
153,0.9256,8,16,0.072,0.8328,0.7117,10,0.9232,0.2509,14,0.1398,121,3.53,0.3884,True,False,50.9
154,0.9277,8,62,0.0784,0.8263,0.7248,10,1.2856,0.3831,15,0.1733,141,3.1793,0.2663,True,False,52.1
155,0.9302,8,61,0.0678,0.8163,0.7079,10,0.5099,0.005,18,0.0698,134,3.6866,0.3142,True,False,76.0
156,0.9278,8,61,0.0668,0.8156,0.6941,10,0.8484,0.0115,17,0.0784,133,3.0649,1.134,True,False,62.8
157,0.9261,8,60,0.0742,0.821,0.6943,10,1.3969,0.1239,20,0.7699,128,3.6873,0.3277,True,False,27.8
158,0.9285,8,62,0.0683,0.8001,0.6751,10,2.3901,0.1371,16,0.1207,134,3.4986,0.6517,True,False,62.6
159,0.9266,8,61,0.0676,0.7983,0.6727,10,2.4237,0.1848,14,0.1193,134,3.5372,0.6565,True,False,62.2
160,0.9267,8,62,0.07,0.8267,0.6617,10,1.2739,0.4204,15,0.0631,117,3.316,1.3908,True,False,53.7
161,0.9278,8,63,0.0725,0.8137,0.7089,10,0.8274,0.0001,18,0.1641,125,3.6579,0.588,True,False,57.2
162,0.9272,8,60,0.0762,0.8035,0.7184,10,0.5201,0.108,16,0.1073,131,3.1214,0.0851,True,False,61.6
163,0.929,8,62,0.0686,0.8345,0.7238,10,1.0183,0.2402,13,0.1334,138,3.4642,0.3099,True,False,66.9
164,0.9272,8,61,0.0685,0.8329,0.7239,10,2.0811,0.3217,13,0.1354,140,3.2401,0.3042,True,False,61.7
165,0.9266,8,62,0.0706,0.8237,0.7055,10,1.4844,0.2059,13,0.0668,146,3.4746,0.387,True,False,73.1
166,0.9276,8,60,0.0755,0.8353,0.6807,10,2.7308,0.1095,16,0.0983,120,3.5929,0.9029,True,False,52.3
167,0.9279,8,62,0.0653,0.8187,0.6439,10,0.9973,0.2079,14,0.2488,136,3.2851,0.211,True,False,50.5
168,0.9284,8,61,0.0684,0.8298,0.6575,10,1.2993,0.3553,19,0.041,112,3.7456,0.2334,True,False,62.5
169,0.9285,8,60,0.0838,0.8424,0.7153,2,0.9043,0.0004,16,0.1424,141,3.0381,0.1722,True,False,57.4
170,0.9275,8,60,0.0853,0.8417,0.6969,10,2.2671,0.1167,16,0.1583,141,3.0069,0.1036,True,False,50.8
171,0.9281,8,62,0.0781,0.8336,0.7154,10,0.9464,0.0049,15,0.1219,134,2.8413,0.3542,True,False,61.9
172,0.927,8,63,0.0737,0.8234,0.7254,2,1.4125,0.2489,18,0.0796,122,3.4081,0.1833,True,False,57.5
173,0.9275,8,60,0.0713,0.8133,0.6352,2,1.7288,0.106,13,0.1854,148,3.129,0.4523,True,False,57.4
174,0.9295,8,61,0.0838,0.8404,0.7047,10,0.8807,0.0006,14,0.0402,116,3.4971,0.3008,True,False,66.4
175,0.9295,8,62,0.0822,0.8409,0.6908,10,0.9925,0.1813,16,0.0394,129,3.4814,0.3075,True,False,74.7
176,0.9265,8,59,0.0825,0.8387,0.6892,1,0.9568,0.2852,17,0.0455,130,3.3458,0.0576,True,False,61.2
177,0.9285,8,62,0.0843,0.8448,0.7056,10,1.0863,0.3766,12,0.0024,123,3.6048,0.3032,True,False,86.5
178,0.9265,8,63,0.0798,0.8444,0.6975,10,1.6205,0.3734,12,0.0408,123,3.6112,0.3031,True,False,66.4
179,0.9273,8,62,0.086,0.8281,0.7051,10,1.2272,0.4713,14,0.0321,126,3.7434,0.0694,True,False,61.7
180,0.9273,8,63,0.0771,0.8358,0.6936,10,1.99,0.2207,12,0.0123,112,3.5076,0.5118,True,False,78.9
181,0.9273,8,61,0.0834,0.8436,0.7044,10,0.8809,0.0817,13,0.0721,118,3.3951,0.2973,True,False,56.0
182,0.9269,8,61,0.0812,0.8398,0.7205,10,0.879,0.1689,15,0.0817,129,3.2918,0.3639,True,False,58.8
183,0.9278,8,62,0.0752,0.7529,0.708,10,1.2266,0.2896,15,0.0433,137,3.8524,0.2368,True,False,71.6
184,0.929,8,60,0.0887,0.834,0.7314,10,0.8408,0.0704,11,0.0021,143,3.5935,0.147,True,False,99.9
185,0.9236,8,63,0.0788,0.8329,0.6859,10,1.6154,3.5702,11,0.0026,124,3.6348,0.1415,True,False,54.8
186,0.9293,8,59,0.0753,0.7409,0.7307,10,0.5033,0.1783,11,0.0008,116,3.4704,0.0491,True,False,91.8
187,0.927,8,59,0.0879,0.7196,0.7259,9,0.5947,0.3934,12,0.0013,115,3.564,0.1017,True,False,73.4
188,0.9217,8,60,0.0867,0.7609,0.7349,10,18.6102,0.1873,13,1.1694,111,3.2143,0.0504,True,False,18.2
189,0.9271,8,61,0.0773,0.8173,0.701,10,1.4383,0.2828,11,0.0355,120,3.7355,0.0874,True,False,69.2
190,0.9282,8,59,0.0927,0.737,0.7316,10,1.9239,0.1241,12,0.0726,129,3.4856,0.442,True,False,62.9
191,0.9288,8,62,0.0749,0.8301,0.7099,10,0.837,0.0932,10,0.0957,124,3.3991,0.0627,True,False,63.7
192,0.9243,8,63,0.0821,0.7694,0.7208,10,0.5393,0.2122,14,0.0981,116,3.3334,0.0613,True,False,42.3
193,0.9289,8,61,0.0749,0.8239,0.6944,10,1.1213,0.0916,11,0.001,122,3.5596,0.0515,True,False,75.3
194,0.9288,8,61,0.0755,0.7285,0.691,10,0.9213,0.0863,10,0.0556,119,3.4316,0.0516,True,False,72.6
195,0.9283,8,60,0.0752,0.8229,0.6943,10,1.2612,0.1283,10,0.0431,110,3.2277,0.0474,True,False,60.2
196,0.9279,8,58,0.0751,0.7324,0.6995,10,0.8843,0.0027,10,0.0455,119,3.5193,0.0485,True,False,72.5
197,0.9261,8,61,0.0709,0.7328,0.6886,10,1.5849,0.1858,11,0.1189,115,3.412,0.0386,True,False,55.5
198,0.9284,8,25,0.0793,0.8302,0.6818,9,0.8891,0.1273,13,0.1538,132,3.8458,0.0612,True,False,55.4
199,0.9275,8,58,0.0783,0.7451,0.6933,10,1.2443,0.2508,11,0.0023,120,3.3157,0.0696,True,False,85.7
200,0.9281,8,60,0.076,0.7113,0.6804,10,0.5002,0.003,10,0.069,138,3.7053,0.2188,True,False,75.8
201,0.9271,8,62,0.0734,0.7256,0.714,10,0.804,0.0878,9,0.0891,124,3.3976,0.0827,True,False,63.8
202,0.9284,8,63,0.0714,0.741,0.6998,10,0.5475,0.0833,15,0.1022,128,3.5745,0.0531,True,False,66.0
203,0.9276,8,61,0.0697,0.8191,0.7078,10,1.6079,0.2714,13,0.0418,122,3.4867,0.0928,True,False,61.4
204,0.9285,8,62,0.074,0.8363,0.7415,10,1.154,0.1617,11,0.1443,118,3.2133,0.067,True,False,59.8
205,0.9208,8,60,0.0809,0.8118,0.7227,10,0.866,4.5169,18,0.0679,132,3.4507,0.0822,True,False,34.5
206,0.9277,8,63,0.0776,0.8281,0.7169,10,1.8873,0.0745,14,0.1069,125,3.3178,0.1058,True,False,61.1
207,0.9282,8,61,0.0658,0.6972,0.73,10,1.3094,0.0001,17,0.0008,114,3.6529,0.1316,True,False,79.8
208,0.9265,8,21,0.072,0.8227,0.7101,10,0.8089,0.2993,9,0.1771,109,3.3859,0.0479,True,False,50.4
209,0.9279,8,59,0.075,0.8176,0.7021,9,0.5168,0.1908,12,0.0508,128,3.5491,0.0608,True,False,70.3
210,0.9267,8,62,0.0703,0.7207,0.6935,10,1.2864,0.0999,15,0.1106,136,3.1208,0.0761,True,False,61.4
211,0.9292,8,62,0.0803,0.8368,0.7073,10,1.0077,0.4023,12,0.0293,122,3.5906,0.3844,True,False,68.7
212,0.9265,8,61,0.0805,0.8354,0.7051,10,0.9426,0.4939,10,0.0468,119,3.4515,0.3734,True,False,55.3
213,0.9287,8,63,0.0774,0.8297,0.7125,10,1.5901,0.209,11,0.0752,122,3.2656,0.2599,True,False,64.4
214,0.9291,8,62,0.0771,0.8299,0.7143,10,1.4936,0.4092,11,0.0006,116,3.2771,0.2921,True,False,78.9
215,0.9269,8,61,0.0779,0.8391,0.7138,10,1.6934,0.4479,12,0.0007,144,3.2092,0.2793,True,False,92.6
216,0.9279,8,63,0.0818,0.8332,0.7197,10,1.9853,0.2133,42,0.0372,123,3.2826,0.4161,True,False,53.6
217,0.9269,8,30,0.0763,0.8254,0.7278,10,1.4696,0.3179,11,0.0387,113,2.9734,0.3345,True,False,60.2
218,0.9273,8,62,0.0795,0.8394,0.6986,10,2.2529,0.0012,10,0.0732,131,3.6069,0.2295,True,False,70.2
219,0.9276,8,60,0.0769,0.8479,0.6898,10,1.2304,0.1973,12,0.1326,121,3.1048,0.184,True,False,53.8
220,0.9269,8,62,0.0842,0.8307,0.7145,10,1.5492,0.1148,9,0.0331,117,3.7828,0.2675,True,False,62.2
221,0.9285,8,62,0.0744,0.8248,0.7091,10,0.9574,0.3313,11,0.0774,116,3.3208,0.3567,True,False,65.1
222,0.9265,8,63,0.0751,0.8299,0.7004,10,1.0416,0.4003,11,0.0974,110,3.5117,0.4894,True,False,52.7
223,0.9276,8,61,0.0896,0.8357,0.7206,10,0.8048,0.5903,13,0.0063,126,3.3737,0.2933,True,False,72.4
224,0.9297,8,63,0.0786,0.8192,0.7072,10,0.5192,0.1604,10,0.1444,121,3.664,0.2027,True,False,53.0
225,0.9277,8,63,0.0789,0.8241,0.6104,10,0.5154,0.1128,10,0.149,123,3.7033,0.2165,True,False,50.8
226,0.927,8,61,0.0798,0.8186,0.7049,10,1.3738,0.2146,9,0.1997,129,3.6464,0.25,True,False,50.4
227,0.9254,8,59,0.0815,0.8155,0.712,10,0.7768,0.0847,13,1.4771,120,3.2044,0.182,True,False,19.7
228,0.9257,8,63,0.0766,0.8527,0.6987,10,1.7021,0.245,14,0.0602,114,3.5483,0.329,True,False,56.4
229,0.9265,8,60,0.0858,0.8444,0.7162,10,0.5216,0.1642,10,0.1182,150,3.4773,0.2063,True,False,60.1
230,0.9269,8,34,0.0725,0.8223,0.725,9,1.1442,0.0759,12,0.0337,134,3.89,0.0349,True,False,73.2
231,0.9287,8,62,0.0746,0.8298,0.706,10,1.1731,0.3169,11,0.0881,116,3.3282,0.2714,True,False,55.1
232,0.9289,8,62,0.0775,0.8344,0.7102,10,1.1779,0.0141,10,0.1446,121,3.2999,0.2789,True,False,61.1
233,0.9214,4,61,0.074,0.8382,0.706,10,0.5098,0.0667,9,0.1632,117,3.333,0.4033,True,False,30.6
234,0.9279,8,62,0.0695,0.8332,0.6943,10,1.0389,0.003,10,0.1288,126,3.5589,0.3077,True,False,64.0
235,0.9293,8,61,0.0723,0.8399,0.688,10,1.2107,0.146,12,0.0019,110,3.446,0.1589,True,False,78.9
236,0.93,8,60,0.0711,0.8417,0.6891,10,0.5003,0.1265,14,0.0055,108,3.6796,0.1464,True,False,90.1
237,0.9285,8,60,0.0682,0.8426,0.687,10,0.8695,0.1526,14,0.0108,106,3.7057,0.2042,True,False,67.9
238,0.9276,8,59,0.0708,0.8507,0.678,10,1.3532,0.1711,16,0.03,111,3.6336,0.1435,True,False,68.2
239,0.9277,8,60,0.0671,0.8407,0.6867,10,1.8743,0.0044,14,0.0056,107,3.8038,0.1739,True,False,69.4
240,0.9289,8,61,0.0722,0.7295,0.6899,9,0.5406,0.2661,12,0.0563,112,3.4678,0.1444,True,False,62.8
241,0.9283,8,61,0.0726,0.7214,0.6899,9,0.5056,0.2532,12,0.0014,112,3.5272,0.145,True,False,78.3
242,0.9285,8,61,0.0722,0.7416,0.6848,10,0.503,0.1,13,0.0506,109,3.4762,0.1665,True,False,71.5
243,0.9278,8,61,0.0696,0.7312,0.6979,10,0.9393,0.0025,15,0.0508,120,3.6052,0.2296,True,False,61.6
244,0.9274,8,58,0.0786,0.7273,0.692,10,1.2648,0.1566,12,0.0016,113,3.463,0.1168,True,False,67.2
245,0.9275,8,59,0.0765,0.7565,0.6969,10,0.8817,0.2793,13,0.0685,105,3.6958,0.3391,True,False,58.8
246,0.9278,8,60,0.0821,0.8379,0.6824,10,1.1938,0.0999,15,0.5995,118,3.199,0.1498,True,False,28.9
247,0.9283,8,62,0.0725,0.8468,0.7021,9,0.8179,0.4398,14,0.0385,114,3.3965,0.1077,True,False,62.4
248,0.926,8,63,0.0769,0.8366,0.6666,10,0.5141,0.0075,12,0.118,120,3.558,0.2245,True,False,52.3
249,0.9269,8,61,0.0705,0.7137,0.6963,10,1.5184,0.1948,13,0.0727,110,3.0896,0.5506,True,False,60.6
250,0.9291,8,62,0.08,0.8251,0.6903,10,1.1146,0.2699,11,0.0005,140,3.2608,0.3054,True,False,88.9
251,0.9287,8,62,0.0819,0.822,0.6782,10,1.3543,0.3719,11,0.0418,143,3.2401,0.4147,True,False,74.2
252,0.9251,8,63,0.0856,0.8143,0.703,10,2.0871,0.2663,17,0.0031,137,3.9759,4.2833,True,False,55.7
253,0.9288,8,62,0.0792,0.825,0.7207,10,1.1133,0.5195,12,0.163,141,3.3102,0.3061,True,False,53.8
254,0.9274,8,60,0.0801,0.8281,0.7192,9,0.9104,0.6078,12,0.1192,139,3.06,0.285,True,False,53.8
255,0.9271,8,62,0.0827,0.8244,0.7387,10,0.5093,0.4051,11,0.001,141,3.3075,0.1841,True,False,81.0
256,0.9267,8,60,0.0783,0.8347,0.7286,10,1.2088,0.4814,12,0.1946,145,3.1675,0.3523,True,False,52.3
257,0.9273,8,59,0.0876,0.8425,0.7223,10,0.8832,0.3138,11,0.0886,153,3.7285,0.3103,True,False,63.1
258,0.9265,8,61,0.0955,0.8206,0.717,10,1.4613,0.5275,19,0.0416,134,2.9047,0.2393,True,False,56.5
259,0.9266,8,62,0.0841,0.7843,0.6874,10,1.1215,0.2132,15,0.1535,148,3.2658,0.4225,True,False,49.7
260,0.9271,8,44,0.0799,0.8318,0.7123,10,0.8223,0.3802,16,0.085,157,3.6249,0.2736,True,False,67.1
261,0.9289,8,61,0.067,0.8264,0.6909,10,1.6431,0.15,13,0.0473,130,3.358,0.3661,True,False,78.4
262,0.9241,8,61,0.066,0.8266,0.6906,10,1.7512,0.1688,13,1.7874,130,3.3864,0.3731,True,False,19.9
263,0.928,8,62,0.0676,0.8175,0.6825,9,0.5132,0.2218,13,0.0002,138,3.524,0.4764,True,False,81.3
264,0.9274,8,63,0.0694,0.8258,0.7332,10,1.5646,0.2941,12,0.1157,134,3.1495,0.3256,True,False,61.6
265,0.9282,8,60,0.0657,0.8198,0.7507,10,1.2203,0.1121,13,0.0625,104,3.3257,0.2017,True,False,64.6
266,0.927,8,61,0.078,0.8102,0.6953,10,0.7927,0.1005,14,0.209,131,3.2427,0.2591,True,False,50.3
267,0.9262,8,62,0.0732,0.8338,0.7019,10,1.535,0.3052,11,0.1457,127,3.4642,0.3144,True,False,54.0
268,0.9295,8,63,0.0635,0.8479,0.6758,10,0.5148,0.1863,15,0.0414,142,3.7823,0.1328,True,False,87.7
269,0.93,8,63,0.0617,0.8536,0.6856,10,0.5069,0.1375,16,0.0333,109,3.7038,0.1288,True,False,69.0
270,0.9271,8,63,0.0896,0.8533,0.6704,9,0.5081,0.2021,16,0.0365,102,3.7643,0.1361,True,False,52.0
271,0.9287,8,63,0.063,0.8464,0.6719,10,0.808,0.0082,17,0.0833,106,3.8909,0.1589,True,False,63.4
272,0.9304,8,62,0.0635,0.8529,0.6746,10,0.8928,0.001,16,0.0355,110,3.7896,0.1193,True,False,81.8
273,0.9266,8,63,0.0629,0.8494,0.6631,10,0.5358,0.1329,48,0.0017,110,3.8457,0.1254,True,False,48.9
274,0.9287,8,63,0.06,0.8549,0.677,10,0.8069,0.2603,15,0.0363,109,3.7933,0.1016,True,False,76.0
275,0.9288,8,62,0.0637,0.8586,0.6807,10,0.5345,0.1326,17,0.0753,113,3.6214,0.1206,True,False,61.4
276,0.9284,8,60,0.0616,0.8598,0.6758,10,0.9201,0.3431,18,0.0254,107,3.6918,0.1659,True,False,61.3
277,0.9292,8,61,0.0646,0.8543,0.6564,10,0.5111,0.0883,16,0.0971,113,3.9542,0.1371,True,False,62.2
278,0.927,8,63,0.0603,0.8654,0.6355,10,1.1174,0.0013,16,0.0005,102,3.9716,0.0962,True,False,67.0
279,0.9284,8,61,0.0619,0.8538,0.6612,10,0.8783,0.0864,16,0.0973,145,3.842,0.1286,True,False,78.3
280,0.9263,8,17,0.0667,0.8485,0.6568,10,1.2937,0.1779,15,0.1055,117,3.7684,0.1817,True,False,56.8
281,0.9295,8,62,0.0643,0.8566,0.6669,10,0.8952,0.0838,18,0.0391,115,3.8934,0.0982,True,False,78.4
282,0.9285,8,63,0.0633,0.8604,0.6569,10,0.8592,0.0974,20,0.0685,114,4.0281,0.0991,True,False,66.6
283,0.9253,5,62,0.0645,0.8695,0.6729,10,0.5024,0.0039,17,0.1089,106,3.9408,0.1291,True,False,34.4
284,0.9263,8,59,0.0639,0.8535,0.6717,10,14.0589,0.2128,19,0.0378,109,3.8246,0.0921,True,False,70.4
285,0.9265,8,62,0.0604,0.8541,0.6639,10,1.3968,0.1474,17,0.0685,115,3.6786,0.1128,True,False,64.8
286,0.9277,8,63,0.0656,0.8437,0.6522,10,0.9093,0.0047,18,0.1072,111,3.7513,0.1515,True,False,58.9
287,0.929,8,60,0.0645,0.8473,0.6836,10,0.8673,0.2181,16,0.048,116,4.0519,0.2126,True,False,72.5
288,0.9292,8,59,0.0652,0.846,0.6666,10,1.9402,0.3971,16,0.0461,137,4.0926,0.2075,True,False,81.6
289,0.9278,8,59,0.0615,0.8628,0.6686,10,2.6273,0.3998,18,0.0351,137,4.1675,0.1932,True,False,74.1
290,0.9259,8,59,0.0653,0.857,0.6495,10,2.1123,0.367,16,0.0351,140,3.9841,0.1543,True,False,66.6
291,0.9264,8,41,0.0996,0.8436,0.6663,10,1.9213,0.4581,15,0.128,134,3.9155,0.1772,True,False,46.7
292,0.9271,8,28,0.0676,0.849,0.6616,10,1.4155,0.2881,18,0.0805,147,3.8712,0.2288,True,False,70.3
293,0.9289,8,46,0.062,0.8412,0.678,10,0.5051,0.1688,15,0.0013,142,3.6931,0.1227,True,False,88.0
294,0.9293,8,60,0.0688,0.856,0.6523,10,1.7808,0.259,17,0.0697,136,4.0421,0.2235,True,False,74.8
295,0.9292,8,58,0.0595,0.8603,0.6471,10,1.7347,0.1012,17,0.0001,135,4.1702,0.2006,True,False,99.1
296,0.9263,8,59,0.0578,0.8702,0.6547,10,1.9774,0.376,17,0.8699,133,4.1026,0.1618,True,False,29.7
297,0.9295,8,57,0.0586,0.8603,0.6532,10,1.7436,0.3044,19,0.0708,127,4.198,0.2123,True,False,77.2
298,0.9284,8,58,0.0555,0.8639,0.6414,10,2.4849,0.6702,18,0.0558,126,4.2131,0.2,True,False,73.8
299,0.9274,8,56,0.0588,0.8601,0.6438,10,2.364,0.4724,19,0.0349,130,4.0587,0.2307,True,False,73.9
